Periode;Ekspor_AS;Impor_AS
2012/01;1581.92;558.92
2012/02;1408.69;599.46
2012/03;1569.85;768.65
2012/04;1482.15;632.08
2012/05;1492.52;827.83
2012/06;1441.93;695.82
2012/07;1638.71;603.22
2012/08;1596.79;760.73
2012/09;1404.47;643.63
2012/10;1547.72;772.09
2012/11;1417.47;540.5
2012/12;1419.96;595.06
2013/01;1701.58;635.83
2013/02;1422.69;693.67
2013/03;1615.9;650.56
2013/04;1627.91;766.37
2013/05;1524.45;787.2
2013/06;1470.7;839.12
2013/07;1684.02;767.37
2013/08;1588.1;742.29
2013/09;1386.78;709.01
2013/10;1916.73;1067.85
2013/11;1472.1;698.64
2013/12;1460.62;748.65
2014/01;1669.78;624.3
2014/02;1412.58;714.12
2014/03;1801.64;678.06
2014/04;1668.84;811.66
2014/05;1516.44;890.89
2014/06;1567.1;664.74
2014/07;1736.27;520.69
2014/08;1676.05;620.61
2014/09;1479.35;838.83
2014/10;1860.8;731.77
2014/11;1501.49;654.18
2014/12;1499.49;531.15
2015/01;1663.44;575.75
2015/02;1324.29;602.65
2015/03;1736.16;737.41
2015/04;1821.18;539.22
2015/05;1583.09;571.43
2015/06;1825.13;627.99
2015/07;1763.87;420
2015/08;1515.6;619.04
2015/09;1702.7;680.62
2015/10;1708.8;686.56
2015/11;1458.04;465.45
2015/12;1502.93;592
2016/01;1559.15;726.87
2016/02;1537.07;421.25
2016/03;1668.28;549.9
2016/04;1450.85;477.46
2016/05;1608.85;420.71
2016/06;1660.51;465.46
2016/07;1756.22;426.92
2016/08;1590.52;541.24
2016/09;1537.41;467.47
2016/10;1601.74;446.72
2016/11;1702.54;491.7
2016/12;1510.87;588.57
2017/01;1706.94;524.22
2017/02;1567.47;509.74
2017/03;1810.37;637.43
2017/04;1634.98;540.68
2017/05;1854.22;430.3
2017/06;1632.86;641.39
2017/07;1728.57;527.61
2017/08;1549.96;633.08
2017/09;1627.71;574.64
2017/10;1790.35;569.84
2017/11;1685.68;650.51
2017/12;1616.02;624.21
2018/01;1800.8;537.05
2018/02;1698.06;528.69
2018/03;1697.99;707.37
2018/04;1765.2;591.16
2018/05;1834.13;633.88
2018/06;1660.74;747.32
2018/07;1633.91;639.89
2018/08;1851.01;945.45
2018/09;1726.17;761.02
2018/10;1884.57;816.37
2018/11;1701.36;637.16
2018/12;1570.58;625.61
2019/01;1736.04;611.9
2019/02;1572.3;572.96
2019/03;1708.87;753.51
2019/04;1576.93;735.37
2019/05;1801.54;697.52
2019/06;1528.16;703.88
2019/07;1498.23;539.86
2019/08;1820;619.59
2019/09;1712.47;681.67
2019/10;1883.56;674.99
2019/11;1593.53;554.14
2019/12;1673;585.87
2020/01;1855.65;601.24
2020/02;1653.31;641.33
2020/03;1893.27;764.56
2020/04;1689.88;536.52
2020/05;1474.58;562.93
2020/06;1466.06;525.12
2020/07;1417.93;604.01
2020/08;1742.13;611.03
2020/09;1716.25;532.99
2020/10;1827.93;646.24
2020/11;1726.52;685.54
2020/12;1734.65;671.46
2021/01;1766.67;688.58
2021/02;1600.19;733.18
2021/03;2067.04;882.5
2021/04;2359.19;643.91
2021/05;2373.61;840.36
2021/06;2122.25;732.3
2021/07;2023.18;742.32
2021/08;2365.37;769.3
2021/09;2618.61;863.02
2021/10;2623.62;812.74
2021/11;2473.77;761.91
2021/12;2654.52;910.66
2022/01;2767.33;606.95
2022/02;2473.22;598.73
2022/03;3152.8;1083.64
2022/04;3253.79;866.63
2022/05;3272.37;1052.8
2022/06;2833.71;809.81
2022/07;2435.72;804.19
2022/08;2991.49;850.39
2022/09;3168.9;844.61
2022/10;3173.3;752.85
2022/11;2636.53;783.34
2022/12;2382.92;777.96
2023/01;2670.98;916.49
2023/02;2164.21;738.23
2023/03;2565.64;1010.88
2023/04;2138.18;811.18
2023/05;2238.33;701.41
2023/06;1854.58;732.11
2023/07;2266.74;718.85
2023/08;2298.39;873.82
2023/09;2350.64;769.81
2023/10;2215.66;816.65
2023/11;1904.64;929.99
2023/12;2106.93;829.65
2024/01;2078.35;790
2024/02;2137.1;676.49
2024/03;2255.93;899.58
2024/04;2417.88;827.96
2024/05;2178.4;905.43
2024/06;1992.48;858.92
2024/07;2233.51;862.43
2024/08;2227.84;842.71
2024/09;2638.9;812.53
2024/10;2729.97;756.19
2024/11;2471.65;921.92
2024/12;2383.84;975.32
2025/01;2581.19;773.13
2025/02;2318.74;707.94
2025/03;2950.93;887.39
2025/04;3156.4;793.19
2025/05;2838.87;975.83
2025/06;3133.37;1070.62
2025/07;3147.13;992.66
2025/08;2818.03;880.47
2025/09;3075.81;989.11
2025/10;2876.97;951.17
2025/11;2886.8;862.3
2025/12;2852.93;955.81
2026/01;2995.22;819.72
2026/02;2507.99;806.91
2026/03;2663.48;1117.86
2026/04;2836.73;1083.26
2026/05;2493.72;1057.27
2026/06;2869.93;1171.1
2026/07;2683.77;924.33
