Periode;Ekspor_AS;Impor_AS
12_Jan;1,581.92;558.92
12_Feb;1,408.69;599.46
12_Mar;1,569.85;768.65
12_Apr;1,482.15;632.08
12_Mei;1,492.52;827.83
12_Jun;1,441.93;695.82
12_Jul;1,638.71;603.22
12_Agu;1,596.79;760.73
12_Sep;1,404.47;643.63
12_Okt;1,547.72;772.09
12_Nov;1,417.47;540.50
12_Des;1,419.96;595.06
13_Jan;1,701.58;635.83
13_Feb;1,422.69;693.67
13_Mar;1,615.90;650.56
13_Apr;1,627.91;766.37
13_Mei;1,524.45;787.20
13_Jun;1,470.70;839.12
13_Jul;1,684.02;767.37
13_Agu;1,588.10;742.29
13_Sep;1,386.78;709.01
13_Okt;1,916.73;1067.85
13_Nov;1,472.10;698.64
13_Des;1,460.62;748.65
14_Jan;1,669.78;624.30
14_Feb;1,412.58;714.12
14_Mar;1,801.64;678.06
14_Apr;1,668.84;811.66
14_Mei;1,516.44;890.89
14_Jun;1,567.10;664.74
14_Jul;1,736.27;520.69
14_Agu;1,676.05;620.61
14_Sep;1,479.35;838.83
14_Okt;1,860.80;731.77
14_Nov;1,501.49;654.18
14_Des;1,499.49;531.15
15_Jan;1,663.44;575.75
15_Feb;1,324.29;602.65
15_Mar;1,736.16;737.41
15_Apr;1,821.18;539.22
15_Mei;1,583.09;571.43
15_Jun;1,825.13;627.99
15_Jul;1,763.87;420.00
15_Agu;1,515.60;619.04
15_Sep;1,702.70;680.62
15_Okt;1,708.80;686.56
15_Nov;1,458.04;465.45
15_Des;1,502.93;592.00
16_Jan;1,559.15;726.87
16_Feb;1,537.07;421.25
16_Mar;1,668.28;549.90
16_Apr;1,450.85;477.46
16_Mei;1,608.85;420.71
16_Jun;1,660.51;465.46
16_Jul;1,756.22;426.92
16_Agu;1,590.52;541.24
16_Sep;1,537.41;467.47
16_Okt;1,601.74;446.72
16_Nov;1,702.54;491.70
16_Des;1,510.87;588.57
17_Jan;1,706.94;524.22
17_Feb;1,567.47;509.74
17_Mar;1,810.37;637.43
17_Apr;1,634.98;540.68
17_Mei;1,854.22;430.30
17_Jun;1,632.86;641.39
17_Jul;1,728.57;527.61
17_Agu;1,549.96;633.08
17_Sep;1,627.71;574.64
17_Okt;1,790.35;569.84
17_Nov;1,685.68;650.51
17_Des;1,616.02;624.21
18_Jan;1,800.80;537.05
18_Feb;1,698.06;528.69
18_Mar;1,697.99;707.37
18_Apr;1,765.20;591.16
18_Mei;1,834.13;633.88
18_Jun;1,660.74;747.32
18_Jul;1,633.91;639.89
18_Agu;1,851.01;945.45
18_Sep;1,726.17;761.02
18_Okt;1,884.57;816.37
18_Nov;1,701.36;637.16
18_Des;1,570.58;625.61
19_Jan;1,736.04;611.90
19_Feb;1,572.30;572.96
19_Mar;1,708.87;753.51
19_Apr;1,576.93;735.37
19_Mei;1,801.54;697.52
19_Jun;1,528.16;703.88
19_Jul;1,498.23;539.86
19_Agu;1,820.00;619.59
19_Sep;1,712.47;681.67
19_Okt;1,883.56;674.99
19_Nov;1,593.53;554.14
19_Des;1,673.00;585.87
20_Jan;1,855.65;601.24
20_Feb;1,653.31;641.33
20_Mar;1,893.27;764.56
20_Apr;1,689.88;536.52
20_Mei;1,474.58;562.93
20_Jun;1,466.06;525.12
20_Jul;1,417.93;604.01
20_Agu;1,742.13;611.03
20_Sep;1,716.25;532.99
20_Okt;1,827.93;646.24
20_Nov;1,726.52;685.54
20_Des;1,734.65;671.46
21_Jan;1,766.67;688.58
21_Feb;1,600.19;733.18
21_Mar;2,067.04;882.50
21_Apr;2,359.19;643.91
21_Mei;2,373.61;840.36
21_Jun;2,122.25;732.30
21_Jul;2,023.18;742.32
21_Agu;2,365.37;769.30
21_Sep;2,618.61;863.02
21_Okt;2,623.62;812.74
21_Nov;2,473.77;761.91
21_Des;2,654.52;910.66
22_Jan;2,767.33;606.95
22_Feb;2,473.22;598.73
22_Mar;3,152.80;1083.64
22_Apr;3,253.79;866.63
22_Mei;3,272.37;1052.80
22_Jun;2,833.71;809.81
22_Jul;2,435.72;804.19
22_Agu;2,991.49;850.39
22_Sep;3,168.90;844.61
22_Okt;3,173.30;752.85
22_Nov;2,636.53;783.34
22_Des;2,382.92;777.96
23_Jan;2,670.98;916.49
23_Feb;2,164.21;738.23
23_Mar;2,565.64;1010.88
23_Apr;2,138.18;811.18
23_Mei;2,238.33;701.41
23_Jun;1,854.58;732.11
23_Jul;2,266.74;718.85
23_Agu;2,298.39;873.82
23_Sep;2,350.64;769.81
23_Okt;2,215.66;816.65
23_Nov;1,904.64;929.99
23_Des;2,106.93;829.65
24_Jan;2,078.35;790.00
24_Feb;2,137.10;676.49
24_Mar;2,255.93;899.58
24_Apr;2,417.88;827.96
24_Mei;2,178.40;905.43
24_Jun;1,992.48;858.92
24_Jul;2,233.51;862.43
24_Agu;2,227.84;842.71
24_Sep;2,638.90;812.53
24_Okt;2,729.97;756.19
24_Nov;2,471.65;921.92
24_Des;2,383.84;975.32
25_Jan;2,581.19;773.13
25_Feb;2,318.74;707.94
25_Mar;2,950.93;887.39
25_Apr;3,156.40;793.19
25_Mei;2,838.87;975.83
25_Jun;3,133.37;1070.62
25_Jul;3,147.13;992.66
25_Agu;2,818.03;880.47
25_Sep;3,075.81;989.11
25_Okt;2,876.97;951.17
25_Nov;2,886.80;862.30
25_Des;2,852.93;955.81
26_Jan;2,995.22;819.72
26_Feb;2,507.99;806.91
26_Mar;2,663.48;1117.86
26_Apr;2,836.73;1083.26
26_Mei;2,493.72;1057.27
26_Jun;2,869.93;1171.10
26_Jul;2,683.77;924.33
