Periode;Ekspor;Impor
1985/01;349.90;70.30
1985/02;406.70;71.60
1985/03;305.40;100.70
1985/04;400.30;64.90
1985/05;375.20;67.40
1985/06;399.80;61.70
1985/07;379.50;55.30
1985/08;419.80;69.40
1985/09;480.30;61.50
1985/10;336.90;56.50
1985/11;355.10;56.10
1985/12;360.00;59.60
1986/01;503.40;76.60
1986/02;365.10;59.70
1986/03;254.40;66.90
1986/04;182.10;84.60
1986/05;291.60;85.10
1986/06;245.10;57.00
1986/07;308.90;60.60
1986/08;238.50;92.60
1986/09;227.70;56.20
1986/10;240.00;144.20
1986/11;266.60;96.20
1986/12;188.20;66.40
1987/01;196.80;64.60
1987/02;292.30;46.90
1987/03;352.30;56.90
1987/04;217.30;59.90
1987/05;311.60;69.00
1987/06;245.30;45.20
1987/07;393.80;75.50
1987/08;311.50;57.00
1987/09;269.50;64.90
1987/10;270.00;72.70
1987/11;254.40;79.40
1987/12;279.00;75.30
1988/01;285.20;119.20
1988/02;239.60;67.20
1988/03;253.50;87.30
1988/04;207.00;84.00
1988/05;284.10;71.30
1988/06;274.70;64.60
1988/07;225.60;90.80
1988/08;294.80;90.80
1988/09;245.20;81.40
1988/10;302.10;89.50
1988/11;296.50;84.40
1988/12;242.20;128.60
1989/01;276.40;83.20
1989/02;242.80;84.10
1989/03;271.90;81.40
1989/04;229.10;110.40
1989/05;365.60;111.50
1989/06;298.70;99.10
1989/07;291.20;111.20
1989/08;343.20;121.00
1989/09;253.90;100.60
1989/10;304.90;109.10
1989/11;330.10;131.20
1989/12;320.70;103.90
1990/01;311.30;188.60
1990/02;340.70;96.30
1990/03;308.30;160.30
1990/04;248.40;165.50
1990/05;259.30;113.80
1990/06;247.30;152.40
1990/07;281.60;187.30
1990/08;272.00;136.90
1990/09;336.20;153.50
1990/10;279.50;135.20
1990/11;253.00;236.80
1990/12;203.40;170.60
1991/01;232.70;171.90
1991/02;245.40;176.00
1991/03;246.90;191.70
1991/04;219.40;152.20
1991/05;242.40;140.90
1991/06;272.80;121.00
1991/07;255.70;169.80
1991/08;249.90;129.20
1991/09;306.00;119.00
1991/10;327.70;166.80
1991/11;323.80;144.50
1991/12;317.90;208.50
1992/01;369.70;313.80
1992/02;315.20;219.20
1992/03;351.10;190.00
1992/04;311.50;286.20
1992/05;334.30;214.90
1992/06;376.40;185.00
1992/07;411.70;194.10
1992/08;435.50;167.00
1992/09;376.10;220.20
1992/10;446.10;363.30
1992/11;394.60;209.80
1992/12;407.30;215.90
1993/01;413.00;210.60
1993/02;372.90;159.00
1993/03;454.80;230.20
1993/04;377.10;176.20
1993/05;365.20;171.40
1993/06;440.00;153.40
1993/07;460.10;177.30
1993/08;503.30;146.20
1993/09;448.90;157.00
1993/10;619.10;472.20
1993/11;480.20;259.10
1993/12;500.90;457.80
1994/01;528.40;380.60
1994/02;435.30;148.90
1994/03;485.70;202.30
1994/04;447.30;196.60
1994/05;445.00;393.00
1994/06;518.30;206.40
1994/07;689.70;209.20
1994/08;612.20;194.80
1994/09;596.80;190.90
1994/10;618.00;205.00
1994/11;606.90;213.50
1994/12;563.20;267.50
1995/01;576.50;252.30
1995/02;532.40;261.70
1995/03;591.50;284.70
1995/04;494.30;240.60
1995/05;612.00;242.20
1995/06;676.90;241.20
1995/07;736.40;311.00
1995/08;691.00;262.40
1995/09;656.50;310.90
1995/10;672.20;339.00
1995/11;594.30;323.40
1995/12;601.30;290.20
1996/01;616.60;335.70
1996/02;628.70;306.60
1996/03;566.70;349.70
1996/04;629.80;385.80
1996/05;592.90;289.70
1996/06;679.00;326.80
1996/07;750.80;280.50
1996/08;735.90;280.50
1996/09;714.60;240.40
1996/10;897.80;311.20
1996/11;715.00;339.20
1996/12;722.20;530.70
1997/01;765.00;309.90
1997/02;632.90;360.80
1997/03;607.60;359.70
1997/04;678.70;329.20
1997/05;776.60;493.30
1997/06;755.30;409.20
1997/07;859.50;357.70
1997/08;807.20;326.60
1997/09;930.10;322.70
1997/10;881.80;360.70
1997/11;760.10;422.10
1997/12;733.50;470.30
1998/01;798.80;283.40
1998/02;666.40;163.10
1998/03;679.60;158.70
1998/04;732.80;160.50
1998/05;707.20;132.80
1998/06;764.90;168.00
1998/07;866.50;181.10
1998/08;846.40;155.40
1998/09;880.00;152.60
1998/10;902.10;177.90
1998/11;778.40;147.80
1998/12;717.60;417.80
1999/01;787.20;125.70
1999/02;653.70;114.40
1999/03;738.50;165.90
1999/04;711.20;163.60
1999/05;715.40;162.90
1999/06;861.10;215.10
1999/07;803.30;161.10
1999/08;878.50;174.90
1999/09;898.30;171.80
1999/10;886.10;202.30
1999/11;831.20;183.00
1999/12;761.00;197.70
2000/01;789.50;168.50
2000/02;702.50;200.50
2000/03;832.30;236.60
2000/04;737.50;201.20
2000/05;829.90;176.70
2000/06;919.00;177.40
2000/07;877.20;229.30
2000/08;1,009.60;205.90
2000/09;961.80;211.00
2000/10;978.30;226.90
2000/11;882.60;177.40
2000/12;846.70;190.30
2001/01;956.50;234.40
2001/02;762.80;203.00
2001/03;917.80;217.80
2001/04;763.60;217.10
2001/05;859.40;238.90
2001/06;856.40;201.10
2001/07;938.60;185.40
2001/08;925.90;197.50
2001/09;770.70;172.60
2001/10;898.90;212.00
2001/11;771.00;198.00
2001/12;681.90;242.70
2002/01;746.30;135.70
2002/02;671.90;197.60
2002/03;764.80;201.30
2002/04;763.60;194.70
2002/05;848.80;222.00
2002/06;826.60;195.10
2002/07;942.10;198.30
2002/08;967.60;281.90
2002/09;851.10;187.30
2002/10;773.00;211.90
2002/11;780.70;267.90
2002/12;706.90;262.10
2003/01;727.68;238.00
2003/02;715.40;206.50
2003/03;809.80;232.89
2003/04;854.75;193.79
2003/05;793.13;191.85
2003/06;761.12;200.06
2003/07;868.07;184.39
2003/08;796.90;195.19
2003/09;799.16;172.54
2003/10;948.69;192.85
2003/11;767.15;248.26
2003/12;673.23;260.05
2004/01;773.83;191.76
2004/02;762.58;215.19
2004/03;932.20;261.17
2004/04;868.68;190.87
2004/05;853.27;223.40
2004/06;992.43;217.74
2004/07;1,074.88;245.41
2004/08;948.98;188.30
2004/09;1,009.18;207.89
2004/10;949.65;254.40
2004/11;891.67;222.75
2004/12;753.18;252.54
2005/01;895.64;249.38
2005/02;913.21;310.78
2005/03;1,050.04;324.16
2005/04;957.08;292.05
2005/05;908.53;226.30
2005/06;983.53;262.81
2005/07;1,014.40;217.50
2005/08;1,097.56;192.57
2005/09;1,109.41;243.28
2005/10;1,135.21;238.57
2005/11;1,020.26;244.07
2005/12;929.48;252.47
2006/01;1,071.64;231.63
2006/02;948.46;223.90
2006/03;1,138.43;236.85
2006/04;978.21;265.32
2006/05;1,107.05;289.84
2006/06;1,115.11;250.02
2006/07;1,120.17;276.00
2006/08;1,315.80;245.85
2006/09;1,263.35;251.41
2006/10;1,226.54;297.26
2006/11;1,073.43;247.78
2006/12;1,066.53;262.62
2007/01;1,290.93;278.48
2007/02;1,004.99;241.46
2007/03;1,200.34;328.60
2007/04;1,079.26;335.91
2007/05;1,164.88;301.90
2007/06;1,184.09;389.13
2007/07;1,197.16;333.60
2007/08;1,361.98;376.13
2007/09;1,300.74;272.61
2007/10;1,316.35;358.59
2007/11;1,077.47;323.41
2007/12;1,123.07;429.84
2008/01;1,301.57;425.24
2008/02;1,147.53;404.78
2008/03;1,212.68;498.29
2008/04;1,312.23;545.27
2008/05;1,300.53;431.69
2008/06;1,213.45;487.04
2008/07;1,451.45;500.90
2008/08;1,563.57;589.53
2008/09;1,387.26;587.89
2008/10;1,553.27;497.18
2008/11;1,160.53;329.00
2008/12;1,195.06;347.67
2009/01;1,208.16;271.16
2009/02;1,008.63;304.71
2009/03;1,037.93;397.24
2009/04;981.18;470.39
2009/05;1,040.17;453.18
2009/06;1,036.65;415.77
2009/07;1,052.48;358.97
2009/08;1,098.34;376.96
2009/09;1,094.94;401.06
2009/10;1,241.92;388.64
2009/11;989.48;462.22
2009/12;1,148.71;806.68
2010/01;1,166.61;507.09
2010/02;1,200.73;591.07
2010/03;1,388.65;575.23
2010/04;1,341.06;517.80
2010/05;1,314.84;517.38
2010/06;1,394.31;469.41
2010/07;1,358.07;687.80
2010/08;1,474.27;607.96
2010/09;1,528.10;607.78
2010/10;1,322.89;660.19
2010/11;1,519.51;656.07
2010/12;1,469.31;550.06
2011/01;1,548.53;509.96
2011/02;1,452.50;588.85
2011/03;1,759.75;725.46
2011/04;1,537.40;680.28
2011/05;1,734.85;569.93
2011/06;1,541.25;656.48
2011/07;1,660.77;618.64
2011/08;1,687.63;619.02
2011/09;1,556.56;568.54
2011/10;1,626.62;643.72
2011/11;1,631.45;526.35
2011/12;1,373.59;714.15
2012/01;1,581.92;558.92
2012/02;1,408.69;599.46
2012/03;1,569.85;768.65
2012/04;1,482.15;632.08
2012/05;1,492.52;827.83
2012/06;1,441.93;695.82
2012/07;1,638.71;603.22
2012/08;1,596.79;760.73
2012/09;1,404.47;643.63
2012/10;1,547.72;772.09
2012/11;1,417.47;540.50
2012/12;1,419.96;595.06
2013/01;1,701.58;635.83
2013/02;1,422.69;693.67
2013/03;1,615.90;650.56
2013/04;1,627.91;766.37
2013/05;1,524.45;787.20
2013/06;1,470.70;839.12
2013/07;1,684.02;767.37
2013/08;1,588.10;742.29
2013/09;1,386.78;709.01
2013/10;1,916.73;1067.85
2013/11;1,472.10;698.64
2013/12;1,460.62;748.65
2014/01;1,669.78;624.30
2014/02;1,412.58;714.12
2014/03;1,801.64;678.06
2014/04;1,668.84;811.66
2014/05;1,516.44;890.89
2014/06;1,567.10;664.74
2014/07;1,736.27;520.69
2014/08;1,676.05;620.61
2014/09;1,479.35;838.83
2014/10;1,860.80;731.77
2014/11;1,501.49;654.18
2014/12;1,499.49;531.15
2015/01;1,663.44;575.75
2015/02;1,324.29;602.65
2015/03;1,736.16;737.41
2015/04;1,821.18;539.22
2015/05;1,583.09;571.43
2015/06;1,825.13;627.99
2015/07;1,763.87;420.00
2015/08;1,515.60;619.04
2015/09;1,702.70;680.62
2015/10;1,708.80;686.56
2015/11;1,458.04;465.45
2015/12;1,502.93;592.00
2016/01;1,559.15;726.87
2016/02;1,537.07;421.25
2016/03;1,668.28;549.90
2016/04;1,450.85;477.46
2016/05;1,608.85;420.71
2016/06;1,660.51;465.46
2016/07;1,756.22;426.92
2016/08;1,590.52;541.24
2016/09;1,537.41;467.47
2016/10;1,601.74;446.72
2016/11;1,702.54;491.70
2016/12;1,510.87;588.57
2017/01;1,706.94;524.22
2017/02;1,567.47;509.74
2017/03;1,810.37;637.43
2017/04;1,634.98;540.68
2017/05;1,854.22;430.30
2017/06;1,632.86;641.39
2017/07;1,728.57;527.61
2017/08;1,549.96;633.08
2017/09;1,627.71;574.64
2017/10;1,790.35;569.84
2017/11;1,685.68;650.51
2017/12;1,616.02;624.21
2018/01;1,800.80;537.05
2018/02;1,698.06;528.69
2018/03;1,697.99;707.37
2018/04;1,765.20;591.16
2018/05;1,834.13;633.88
2018/06;1,660.74;747.32
2018/07;1,633.91;639.89
2018/08;1,851.01;945.45
2018/09;1,726.17;761.02
2018/10;1,884.57;816.37
2018/11;1,701.36;637.16
2018/12;1,570.58;625.61
2019/01;1,736.04;611.90
2019/02;1,572.30;572.96
2019/03;1,708.87;753.51
2019/04;1,576.93;735.37
2019/05;1,801.54;697.52
2019/06;1,528.16;703.88
2019/07;1,498.23;539.86
2019/08;1,820.00;619.59
2019/09;1,712.47;681.67
2019/10;1,883.56;674.99
2019/11;1,593.53;554.14
2019/12;1,673.00;585.87
2020/01;1,855.65;601.24
2020/02;1,653.31;641.33
2020/03;1,893.27;764.56
2020/04;1,689.88;536.52
2020/05;1,474.58;562.93
2020/06;1,466.06;525.12
2020/07;1,417.93;604.01
2020/08;1,742.13;611.03
2020/09;1,716.25;532.99
2020/10;1,827.93;646.24
2020/11;1,726.52;685.54
2020/12;1,734.65;671.46
2021/01;1,766.67;688.58
2021/02;1,600.19;733.18
2021/03;2,067.04;882.50
2021/04;2,359.19;643.91
2021/05;2,373.61;840.36
2021/06;2,122.25;732.30
2021/07;2,023.18;742.32
2021/08;2,365.37;769.30
2021/09;2,618.61;863.02
2021/10;2,623.62;812.74
2021/11;2,473.77;761.91
2021/12;2,654.52;910.66
2022/01;2,767.33;606.95
2022/02;2,473.22;598.73
2022/03;3,152.80;1083.64
2022/04;3,253.79;866.63
2022/05;3,272.37;1052.80
2022/06;2,833.71;809.81
2022/07;2,435.72;804.19
2022/08;2,991.49;850.39
2022/09;3,168.90;844.61
2022/10;3,173.30;752.85
2022/11;2,636.53;783.34
2022/12;2,382.92;777.96
2023/01;2,670.98;916.49
2023/02;2,164.21;738.23
2023/03;2,565.64;1010.88
2023/04;2,138.18;811.18
2023/05;2,238.33;701.41
2023/06;1,854.58;732.11
2023/07;2,266.74;718.85
2023/08;2,298.39;873.82
2023/09;2,350.64;769.81
2023/10;2,215.66;816.65
2023/11;1,904.64;929.99
2023/12;2,106.93;829.65
2024/01;2,078.35;790.00
2024/02;2,137.10;676.49
2024/03;2,255.93;899.58
2024/04;2,417.88;827.96
2024/05;2,178.40;905.43
2024/06;1,992.48;858.92
2024/07;2,233.51;862.43
2024/08;2,227.84;842.71
2024/09;2,638.90;812.53
2024/10;2,729.97;756.19
2024/11;2,471.65;921.92
2024/12;2,383.84;975.32
2025/01;2,581.19;773.13
2025/02;2,318.74;707.94
2025/03;2,950.93;887.39
2025/04;3,156.40;793.19
2025/05;2,838.87;975.83
2025/06;3,133.37;1070.62
2025/07;3,147.13;992.66
2025/08;2,818.03;880.47
2025/09;3,075.81;989.11
2025/10;2,876.97;951.17
2025/11;2,886.80;862.30
2025/12;2,852.93;955.81
2026/01;2,995.22;819.72
2026/02;2,507.99;806.91
2026/03;2,663.48;1117.86
2026/04;2,836.73;1083.26
2026/05;2,493.72;1057.27
2026/06;2,869.93;1171.10
2026/07;2,683.77;924.33
2026/08;2,949.69;1138.20
;;
;;
;;
;;
